<?xml version="1.0" encoding="UTF-8"?>
<project-private xmlns="http://www.netbeans.org/ns/project-private/1">
    <editor-bookmarks xmlns="http://www.netbeans.org/ns/editor-bookmarks/2" lastBookmarkId="0"/>
    <open-files xmlns="http://www.netbeans.org/ns/projectui-open-files/2">
        <group>
            <file>file:/Users/ktanjana/Dev/microservices/frontend/mypos/web/includes/product-recommendations.jsp</file>
            <file>file:/Users/ktanjana/Dev/microservices/frontend/mypos/src/java/com/posmicro/util/AppConfig.java</file>
            <file>file:/Users/ktanjana/Dev/microservices/frontend/mypos/src/java/com/posmicro/product/servlet/ProductListServlet.java</file>
            <file>file:/Users/ktanjana/Dev/microservices/frontend/mypos/web/product-edit.jsp</file>
            <file>file:/Users/ktanjana/Dev/microservices/frontend/mypos/src/java/com/posmicro/customer/servlet/CustomerListServlet.java</file>
            <file>file:/Users/ktanjana/Dev/microservices/frontend/mypos/web/orderitem-add.jsp</file>
            <file>file:/Users/ktanjana/Dev/microservices/frontend/mypos/src/java/com/posmicro/customer/servlet/CustomerAddServlet.java</file>
        </group>
    </open-files>
</project-private>
